,300,300,300,300,300,300,,420,420,420,420,420,420,,540,540,540,540,540,540,,660,660,660,660,660,660,,780,780,780,780,780,780,,900,900,900,900,900,900,,1020,1020,1020,1020,1020,1020,,1140,1140,1140,1140,1140,1140,,1260,1260,1260,1260,1260,1260,,1380,1380,1380,1380,1380,1380,,1500,1500,1500,1500,1500,1500
,VNS,VNS,ABFD,ABFD,FFCD,FFCD,,VNS,VNS,ABFD,ABFD,FFCD,FFCD,,VNS,VNS,ABFD,ABFD,FFCD,FFCD,,VNS,VNS,ABFD,ABFD,FFCD,FFCD,,VNS,VNS,ABFD,ABFD,FFCD,FFCD,,VNS,VNS,ABFD,ABFD,FFCD,FFCD,,VNS,VNS,ABFD,ABFD,FFCD,FFCD,,VNS,VNS,ABFD,ABFD,FFCD,FFCD,,VNS,VNS,ABFD,ABFD,FFCD,FFCD,,VNS,VNS,ABFD,ABFD,FFCD,FFCD,,VNS,VNS,ABFD,ABFD,FFCD,FFCD
,Time(s),Bin Count,Time(s),Bin Count,Time(s),Bin Count,,Time(s),Bin Count,Time(s),Bin Count,Time(s),Bin Count,,Time(s),Bin Count,Time(s),Bin Count,Time(s),Bin Count,,Time(s),Bin Count,Time(s),Bin Count,Time(s),Bin Count,,Time(s),Bin Count,Time(s),Bin Count,Time(s),Bin Count,,Time(s),Bin Count,Time(s),Bin Count,Time(s),Bin Count,,Time(s),Bin Count,Time(s),Bin Count,Time(s),Bin Count,,Time(s),Bin Count,Time(s),Bin Count,Time(s),Bin Count,,Time(s),Bin Count,Time(s),Bin Count,Time(s),Bin Count,,Time(s),Bin Count,Time(s),Bin Count,Time(s),Bin Count,,Time(s),Bin Count,Time(s),Bin Count,Time(s),Bin Count
0,3.3615929,152,0.0048405,178,3.17E-04,153,,6.1892376,204,8.74E-04,239,4.89E-04,206,,8.8784264,257,0.001411,302,7.27E-04,259,,14.1141585,313,0.0024964,373,9.53E-04,316,,24.3186913,379,0.0027738,447,0.0014056,382,,29.4102617,439,0.0039301,520,0.001911,443,,33.9673865,496,0.0051867,582,0.0023409,498,,40.3458615,561,0.0067722,649,0.0029863,561,,56.5008144,611,0.0091202,711,0.0035144,616,,60.6694966,686,0.0115833,803,0.00405,688,,74.8957774,727,0.0128865,857,0.0047751,733
1,3.2242604,151,0.0012659,178,2.85E-04,153,,5.4318517,204,9.61E-04,239,4.46E-04,206,,8.9478008,257,0.0013314,302,6.90E-04,259,,15.3786631,312,0.0020643,373,9.68E-04,316,,20.4524788,380,0.0027462,447,0.0013873,382,,27.0291815,439,0.0040134,520,0.0017936,443,,32.3496683,497,0.0055219,582,0.0023926,498,,41.1773603,560,0.0079703,649,0.0028635,561,,57.3619841,610,0.0084909,711,0.0037156,616,,58.9483561,687,0.0116926,803,0.0042448,688,,71.482776,727,0.0120668,857,0.0049406,733
2,3.6851833,151,0.0015419,178,2.75E-04,153,,5.1304985,204,9.14E-04,239,4.50E-04,206,,9.267783,257,0.0014871,302,7.28E-04,259,,14.4538046,313,0.0022025,373,9.33E-04,316,,21.4056808,379,0.0029137,447,0.0013846,382,,26.3225499,439,0.0046271,520,0.0018142,443,,33.9131347,496,0.0049066,582,0.0022843,498,,42.047309,561,0.006628,649,0.0028815,561,,51.0973817,613,0.0099146,711,0.0036552,616,,58.5888649,687,0.0106724,803,0.00493,688,,71.1341191,728,0.012464,857,0.0047022,733
3,3.3439393,151,8.83E-04,178,2.91E-04,153,,5.1192176,204,0.0018636,239,5.12E-04,206,,8.6382132,257,0.0013884,302,8.06E-04,259,,16.7780247,313,0.0022606,373,9.99E-04,316,,20.8560634,379,0.0038601,447,0.0013934,382,,25.9896765,439,0.0053216,520,0.0019164,443,,35.4106105,496,0.0050871,582,0.0022719,498,,39.4932292,560,0.0066236,649,0.0029498,561,,51.7496108,613,0.0084789,711,0.0041556,616,,60.2859939,687,0.0103987,803,0.0046294,688,,74.4912049,727,0.0124602,857,0.0048103,733
4,2.8722181,152,6.67E-04,178,2.86E-04,153,,5.3893562,204,8.65E-04,239,5.13E-04,206,,9.133854,257,0.0013741,302,6.96E-04,259,,13.9849646,313,0.0021251,373,9.98E-04,316,,20.1316455,379,0.0027441,447,0.0015014,382,,26.575079,439,0.0046309,520,0.001935,443,,32.7544023,497,0.0049603,582,0.0029609,498,,42.5419496,560,0.0068517,649,0.0029346,561,,54.0172844,611,0.0092644,711,0.0039081,616,,58.4532539,687,0.0108307,803,0.0043484,688,,75.1617768,727,0.0146739,857,0.0046982,733
5,3.0528602,151,5.69E-04,178,2.72E-04,153,,5.2504783,204,8.76E-04,239,4.45E-04,206,,8.714678,257,0.0014094,302,8.27E-04,259,,16.1263863,312,0.0022019,373,0.001009,316,,20.427087,379,0.0032455,447,0.0019951,382,,27.0534243,438,0.0043173,520,0.0019369,443,,34.8339546,496,0.0058352,582,0.0023221,498,,42.8270029,561,0.0070464,649,0.0029628,561,,55.2200187,612,0.0096007,711,0.0037396,616,,59.8823697,687,0.0101262,803,0.0041994,688,,82.2133585,727,0.0121676,857,0.0052233,733
6,2.88721,151,6.21E-04,178,2.92E-04,153,,5.6983122,204,9.04E-04,239,4.33E-04,206,,8.580772,257,0.0013522,302,7.03E-04,259,,16.6838782,312,0.0021432,373,0.0011788,316,,21.6126113,379,0.0030268,447,0.0013513,382,,26.4833225,439,0.0046082,520,0.0017954,443,,32.585805,497,0.0056451,582,0.0029972,498,,40.9461151,561,0.006595,649,0.0029688,561,,59.7620317,612,0.0093617,711,0.0035924,616,,62.3835518,687,0.0108165,803,0.00421,688,,72.8661144,728,0.0130958,857,0.005275,733
7,2.9042956,151,5.49E-04,178,3.04E-04,153,,6.3528547,204,8.59E-04,239,4.36E-04,206,,8.605188,257,0.0016152,302,6.91E-04,259,,15.7445753,312,0.0020481,373,0.00104,316,,20.4670065,379,0.0034018,447,0.001418,382,,28.8356471,438,0.0052889,520,0.0023198,443,,36.5378353,496,0.004913,582,0.0025297,498,,40.9125794,560,0.0076687,649,0.0032016,561,,53.6858648,612,0.0092209,711,0.0045547,616,,59.3529564,686,0.0114756,803,0.0045658,688,,75.7850431,727,0.0126875,857,0.0048018,733
8,3.327798,151,6.05E-04,178,2.58E-04,153,,5.9198616,204,8.55E-04,239,4.71E-04,206,,8.6312514,257,0.0014916,302,7.15E-04,259,,14.754654,312,0.0025983,373,0.0010016,316,,19.2474886,379,0.0029712,447,0.0020433,382,,26.3169392,438,0.0042985,520,0.0018353,443,,34.4592652,497,0.0055771,582,0.0023457,498,,40.7699672,561,0.0065799,649,0.0028892,561,,54.6214986,611,0.0090712,711,0.0039928,616,,58.6189194,686,0.0107628,803,0.0041913,688,,75.6926629,727,0.0127435,857,0.0051576,733
9,3.0714106,151,6.29E-04,178,4.19E-04,153,,5.973765,204,8.80E-04,239,4.36E-04,206,,9.4685862,256,0.0013844,302,6.98E-04,259,,13.9079251,314,0.0020647,373,9.73E-04,316,,19.2043665,379,0.0027925,447,0.001462,382,,26.6765549,439,0.0038319,520,0.0019898,443,,32.2054504,496,0.0058446,582,0.0031456,498,,40.6713232,561,0.0071357,649,0.0032316,561,,51.8776204,612,0.0093915,711,0.0037596,616,,61.4708738,687,0.0110908,803,0.0042181,688,,73.8369141,727,0.0123033,857,0.0047647,733
10,3.0607143,151,6.78E-04,178,2.92E-04,153,,5.2982238,205,0.0013069,239,4.77E-04,206,,9.0836018,257,0.0015945,302,6.89E-04,259,,15.55776,313,0.0022162,373,0.0010353,316,,19.7998273,379,0.0026376,447,0.0013583,382,,26.2616896,439,0.0040444,520,0.0019442,443,,32.5544768,496,0.0049764,582,0.0023214,498,,40.5824125,561,0.0065152,649,0.0027353,561,,63.2678492,611,0.0088589,711,0.003395,616,,59.069549,686,0.0107878,803,0.0041109,688,,69.5840343,728,0.0127413,857,0.0049782,733
11,2.9944661,152,6.29E-04,178,4.67E-04,153,,5.5292112,204,9.86E-04,239,4.75E-04,206,,9.0031283,256,0.0013887,302,6.93E-04,259,,15.4108343,312,0.0021715,373,0.0010069,316,,22.0357256,379,0.0035908,447,0.0014124,382,,25.588255,439,0.0039431,520,0.0018511,443,,34.6917347,496,0.0063856,582,0.0025794,498,,39.7274288,560,0.0070539,649,0.003045,561,,54.9816478,612,0.0093894,711,0.0034209,616,,57.8991255,686,0.0117471,803,0.0044205,688,,74.258212,727,0.011798,857,0.0055603,733
12,2.9109146,151,5.94E-04,178,2.90E-04,153,,5.1626833,204,9.16E-04,239,4.65E-04,206,,9.1324742,257,0.0014282,302,6.94E-04,259,,14.3381793,312,0.002148,373,9.56E-04,316,,19.838937,379,0.002741,447,0.0020179,382,,27.1342287,439,0.0041812,520,0.0018271,443,,34.2507247,496,0.0050705,582,0.00312,498,,39.9801983,561,0.0078654,649,0.0030938,561,,59.1244286,611,0.00929,711,0.0034765,616,,74.9151753,686,0.0107743,803,0.0040109,688,,76.8105948,727,0.0125288,857,0.005217,733
13,3.1789026,151,6.29E-04,178,2.73E-04,153,,5.0443276,204,8.80E-04,239,4.48E-04,206,,9.5164777,257,0.0013762,302,6.95E-04,259,,14.8180891,313,0.0021095,373,0.0010075,316,,20.6570602,379,0.0027966,447,0.0013464,382,,27.1652692,439,0.0040223,520,0.0018173,443,,34.9438264,497,0.0050726,582,0.0023799,498,,41.2610863,560,0.0068757,649,0.0029216,561,,64.6916007,611,0.0094584,711,0.0038298,616,,59.1003189,687,0.0104492,803,0.0043401,688,,76.30207,727,0.0133409,857,0.0052956,733
14,3.0631132,152,6.47E-04,178,3.50E-04,153,,5.1084926,204,9.05E-04,239,4.53E-04,206,,9.1598824,257,0.0015025,302,7.19E-04,259,,14.397781,313,0.0021056,373,0.0010626,316,,19.6343408,379,0.0034615,447,0.001846,382,,27.610168,439,0.0056705,520,0.0020294,443,,33.393711,496,0.0054883,582,0.0022793,498,,41.5792318,561,0.0066231,649,0.0029195,561,,55.2571192,613,0.0083417,711,0.0034075,616,,57.1654499,687,0.0113829,803,0.0049966,688,,73.046485,727,0.012564,857,0.0048575,733
15,2.7402597,151,6.55E-04,178,3.31E-04,153,,5.223671,204,9.27E-04,239,4.74E-04,206,,9.047747,257,0.0014427,302,7.04E-04,259,,15.0472371,313,0.0020834,373,9.30E-04,316,,21.986463,379,0.0035166,447,0.0013733,382,,26.2432725,439,0.0043953,520,0.0018513,443,,34.6325454,496,0.0057098,582,0.0021769,498,,40.4566082,561,0.0067029,649,0.0032834,561,,57.2155533,610,0.0083348,711,0.0035226,616,,60.8142523,687,0.0108307,803,0.0042286,688,,88.7081899,727,0.0126801,857,0.0047652,733
16,2.9574033,151,5.16E-04,178,3.76E-04,153,,5.5626394,204,8.52E-04,239,4.47E-04,206,,8.8937253,257,0.0014394,302,7.11E-04,259,,17.9695499,311,0.0021221,373,0.0010203,316,,19.5939839,378,0.0027848,447,0.0014597,382,,26.3080741,439,0.0039866,520,0.0017499,443,,32.9538933,496,0.0059553,582,0.0026904,498,,40.1951147,560,0.0067309,649,0.003068,561,,54.0456429,612,0.009519,711,0.0040064,616,,58.8237557,687,0.0108951,803,0.0040757,688,,74.3295447,727,0.0119992,857,0.0047883,733
17,2.9397068,151,6.00E-04,178,2.75E-04,153,,5.4058174,205,8.76E-04,239,4.90E-04,206,,8.7470748,257,0.0013564,302,6.85E-04,259,,16.860303,314,0.0021444,373,9.97E-04,316,,21.6369903,379,0.0027205,447,0.0013878,382,,25.9335914,439,0.0042941,520,0.0018425,443,,33.3795431,496,0.0060498,582,0.0023593,498,,41.3123077,561,0.0070949,649,0.0042973,561,,59.2294913,611,0.0089774,711,0.0041331,616,,59.3436467,686,0.0111651,803,0.004271,688,,82.6849833,727,0.0121989,857,0.0051599,733
18,2.7930965,152,0.001334,178,2.87E-04,153,,5.3894085,204,8.73E-04,239,4.37E-04,206,,8.9016866,257,0.0013768,302,6.78E-04,259,,16.3570088,314,0.0021892,373,0.0010031,316,,24.0372105,379,0.0034467,447,0.0014557,382,,27.5258764,439,0.0040488,520,0.0017561,443,,31.6409955,497,0.0060811,582,0.0023318,498,,39.5167412,561,0.0067662,649,0.0029691,561,,55.0733717,612,0.0080554,711,0.0033791,616,,58.7755148,686,0.010956,803,0.0047998,688,,71.1773492,727,0.0125192,857,0.0049631,733
19,3.4232758,151,5.54E-04,178,3.08E-04,153,,5.6278607,204,8.57E-04,239,4.76E-04,206,,9.0772438,257,0.0014041,302,6.85E-04,259,,14.4391277,313,0.0023328,373,0.0011686,316,,19.9684333,379,0.003292,447,0.0015513,382,,28.1632901,439,0.0041445,520,0.001793,443,,32.4010845,496,0.0050245,582,0.0023182,498,,39.4526306,561,0.0068723,649,0.002886,561,,60.8223916,610,0.0090426,711,0.0033109,616,,69.7610661,686,0.0112279,803,0.0041631,688,,75.4046701,727,0.0120477,857,0.0047933,733
20,2.7291557,152,6.29E-04,178,3.37E-04,153,,5.4951855,204,8.63E-04,239,4.49E-04,206,,8.4111609,257,0.0013564,302,7.65E-04,259,,14.8700381,313,0.0025177,373,9.65E-04,316,,19.8619672,379,0.0027173,447,0.0014789,382,,27.1522792,439,0.0040207,520,0.0020921,443,,31.8156981,497,0.0053096,582,0.0024754,498,,40.9368137,561,0.0083326,649,0.0035079,561,,54.0961259,612,0.0093102,711,0.0034284,616,,57.9984317,687,0.0104746,803,0.0045112,688,,74.0547161,727,0.0133615,857,0.0048567,733
21,2.9866013,152,5.98E-04,178,3.01E-04,153,,5.2028568,204,8.75E-04,239,4.47E-04,206,,9.0939518,257,0.0013592,302,6.89E-04,259,,14.9815156,312,0.0021714,373,0.0010292,316,,20.6118125,379,0.0028055,447,0.0014145,382,,28.9933296,439,0.003788,520,0.0018564,443,,33.2326146,497,0.0055172,582,0.0022367,498,,43.3557979,561,0.0068498,649,0.0028498,561,,50.9853752,612,0.0083074,711,0.0034278,616,,61.3948497,687,0.0106414,803,0.004354,688,,72.7068441,727,0.0121546,857,0.0049141,733
22,3.1514677,151,5.69E-04,178,2.87E-04,153,,5.220539,204,9.04E-04,239,4.49E-04,206,,8.8690262,257,0.0013761,302,7.07E-04,259,,15.8849779,311,0.0030599,373,0.0010259,316,,20.907113,379,0.0027709,447,0.0013971,382,,25.9944483,438,0.0041652,520,0.0018931,443,,32.2208407,496,0.0057527,582,0.0022785,498,,44.4987805,560,0.0069555,649,0.0028941,561,,53.8438818,611,0.0083396,711,0.0033947,616,,60.6010962,687,0.0108656,803,0.0046143,688,,69.5886082,728,0.0125782,857,0.0048271,733
23,2.9149435,151,5.89E-04,178,2.68E-04,153,,5.2336569,204,9.56E-04,239,4.49E-04,206,,8.9432516,257,0.0014199,302,7.47E-04,259,,14.7993605,314,0.0020954,373,9.93E-04,316,,20.0726213,379,0.0028189,447,0.0014614,382,,27.171137,439,0.003801,520,0.0018246,443,,36.6234489,496,0.0057272,582,0.0022731,498,,44.3265343,561,0.0068111,649,0.0028849,561,,51.8705934,612,0.009408,711,0.0034228,616,,59.05266,686,0.0114762,803,0.0042483,688,,74.8847126,727,0.0124313,857,0.0048015,733
24,3.0433522,152,5.59E-04,178,3.11E-04,153,,5.5204377,204,8.61E-04,239,4.47E-04,206,,8.7133842,257,0.0015749,302,6.89E-04,259,,15.0808987,313,0.0020831,373,0.0012017,316,,22.0626981,379,0.0028223,447,0.0014381,382,,28.8635263,439,0.0045437,520,0.0018992,443,,37.9606076,496,0.0053285,582,0.0023193,498,,45.1596419,561,0.0072781,649,0.0031493,561,,48.9772166,612,0.0091978,711,0.0038,616,,59.6162846,686,0.0110638,803,0.0041764,688,,74.7415766,727,0.012393,857,0.0045885,733
25,2.8557661,151,5.30E-04,178,2.55E-04,153,,6.9870153,204,8.69E-04,239,4.56E-04,206,,8.6368241,257,0.0013647,302,6.90E-04,259,,15.5695262,314,0.0023254,373,0.0011265,316,,19.8068106,379,0.0027798,447,0.001374,382,,29.8069353,439,0.0047006,520,0.0017372,443,,34.7634583,496,0.0051378,582,0.0022879,498,,45.1942875,560,0.0071987,649,0.00323,561,,52.8961027,611,0.0082076,711,0.0033261,616,,59.469528,686,0.0113077,803,0.0044576,688,,70.6468684,727,0.0126202,857,0.0049603,733
26,3.2645657,150,5.94E-04,178,2.85E-04,153,,5.4748318,204,9.34E-04,239,4.34E-04,206,,9.148241,257,0.0014724,302,7.02E-04,259,,15.7564973,312,0.0021781,373,0.0010191,316,,19.672557,379,0.0028615,447,0.0014847,382,,25.7083518,439,0.00465,520,0.0017529,443,,35.1239021,496,0.005685,582,0.0024734,498,,41.778088,560,0.0068228,649,0.0028688,561,,53.2050663,611,0.0093169,711,0.0036368,616,,58.2901912,687,0.0105247,803,0.0041264,688,,70.7786936,728,0.0126125,857,0.0048268,733
27,2.9205325,151,5.73E-04,178,3.20E-04,153,,5.2615164,204,8.89E-04,239,4.33E-04,206,,8.9843138,257,0.0013949,302,6.76E-04,259,,15.7019943,312,0.0021484,373,0.0011022,316,,21.6055296,379,0.0030458,447,0.0014209,382,,25.8286412,438,0.0046506,520,0.0021102,443,,33.5094327,496,0.005011,582,0.0023337,498,,41.9544677,561,0.0072701,649,0.0030092,561,,54.0726897,611,0.0081125,711,0.003699,616,,57.6042396,687,0.0120567,803,0.0042408,688,,73.1618942,727,0.0124776,857,0.0047763,733
28,2.7508056,152,5.22E-04,178,3.16E-04,153,,6.0987497,204,8.63E-04,239,4.42E-04,206,,9.0484281,256,0.0014257,302,7.19E-04,259,,15.9450589,313,0.0021325,373,9.92E-04,316,,18.970313,379,0.0027418,447,0.0013804,382,,26.9378443,439,0.0039656,520,0.0017362,443,,31.8222821,496,0.005182,582,0.0027495,498,,42.2101228,561,0.0073984,649,0.0033238,561,,52.2569308,612,0.0090768,711,0.0034607,616,,60.3468747,686,0.0111357,803,0.0042308,688,,68.713269,728,0.0133758,857,0.0047138,733
29,2.9769798,151,5.34E-04,178,2.86E-04,153,,7.0466358,204,9.38E-04,239,5.34E-04,206,,8.8776483,257,0.0017656,302,7.68E-04,259,,14.0595559,313,0.0022024,373,0.0011156,316,,20.8572658,379,0.002802,447,0.0016467,382,,26.5065871,439,0.0045746,520,0.0018075,443,,33.5638335,497,0.0050603,582,0.0023288,498,,40.8484375,561,0.0071715,649,0.003233,561,,52.6403172,611,0.0084978,711,0.0035245,616,,63.0640423,686,0.0106643,803,0.0040482,688,,73.1117317,728,0.0128075,857,0.0047874,733
30,3.1293208,151,6.14E-04,178,3.25E-04,153,,5.4148193,204,8.70E-04,239,4.53E-04,206,,8.9383206,257,0.0013687,302,6.67E-04,259,,14.4048049,314,0.0022064,373,9.58E-04,316,,20.235454,378,0.0027392,447,0.0015012,382,,28.2950116,439,0.0038783,520,0.0018118,443,,35.6729044,496,0.0049607,582,0.0022608,498,,41.6172404,561,0.0075517,649,0.002924,561,,56.6180893,612,0.0092759,711,0.0035005,616,,58.3531371,687,0.0109876,803,0.0042152,688,,89.3444088,727,0.0126253,857,0.0049108,733
31,3.1973545,152,6.04E-04,178,2.64E-04,153,,6.6908973,204,8.49E-04,239,5.36E-04,206,,9.7764096,257,0.0014105,302,7.53E-04,259,,14.4777401,314,0.0022143,373,9.94E-04,316,,19.224572,379,0.0027251,447,0.0013919,382,,26.2177231,439,0.0039445,520,0.0017698,443,,33.9145405,496,0.0050588,582,0.0023721,498,,45.5371036,561,0.0069408,649,0.003299,561,,55.7457448,611,0.0084094,711,0.0036372,616,,58.5820414,687,0.0111684,803,0.0041201,688,,76.5517491,727,0.0130115,857,0.0047588,733
32,2.8982627,151,7.50E-04,178,2.82E-04,153,,5.0870606,204,8.69E-04,239,4.53E-04,206,,9.153155,257,0.0016249,302,6.92E-04,259,,15.5057885,312,0.0020308,373,0.0010715,316,,20.8731468,379,0.0029631,447,0.0013944,382,,32.0474385,439,0.0036611,520,0.0018791,443,,35.5644983,496,0.0048785,582,0.0024537,498,,45.8122854,561,0.0072486,649,0.0028727,561,,52.1711139,612,0.0088158,711,0.0041675,616,,57.1311696,687,0.0106487,803,0.0041759,688,,84.9238684,727,0.0126387,857,0.0050005,733
33,2.859723,151,0.0010468,178,2.67E-04,153,,5.4877949,204,8.57E-04,239,4.56E-04,206,,9.0937066,257,0.0013637,302,6.89E-04,259,,14.8517489,313,0.0030225,373,9.71E-04,316,,20.2278241,379,0.002963,447,0.0019433,382,,28.0985353,438,0.0044276,520,0.0017936,443,,35.9138544,497,0.004986,582,0.0022686,498,,46.4175946,560,0.0068793,649,0.0031182,561,,51.8682349,610,0.009158,711,0.0033421,616,,60.6452629,687,0.0117382,803,0.0044705,688,,75.0603406,727,0.0139344,857,0.004809,733
34,3.0372509,151,6.15E-04,178,3.47E-04,153,,5.5028357,204,8.39E-04,239,4.52E-04,206,,9.3169328,257,0.0014346,302,7.06E-04,259,,16.1674185,311,0.0022437,373,0.0011049,316,,22.4701242,379,0.0027241,447,0.0014633,382,,30.7677359,439,0.0041997,520,0.0019795,443,,32.7008829,496,0.0056038,582,0.0022593,498,,40.9030929,561,0.0067081,649,0.0028751,561,,50.888865,611,0.0085014,711,0.0034142,616,,62.1262961,686,0.0112034,803,0.0041062,688,,73.087513,727,0.0124943,857,0.0048388,733
35,2.7836196,151,7.74E-04,178,3.33E-04,153,,5.1007397,204,8.95E-04,239,4.62E-04,206,,9.3428522,257,0.0015965,302,6.91E-04,259,,14.0606907,312,0.0021572,373,0.0011489,316,,20.600517,378,0.0027615,447,0.0014926,382,,31.0927489,439,0.0038309,520,0.001962,443,,31.6956605,496,0.0114397,582,0.0028204,498,,42.4017584,561,0.0074491,649,0.0029077,561,,51.2805284,612,0.0093552,711,0.0041466,616,,58.9471985,687,0.010974,803,0.0043629,688,,78.1277448,727,0.0129499,857,0.0053236,733
36,2.7656494,152,4.99E-04,178,2.71E-04,153,,5.8215395,204,8.58E-04,239,4.56E-04,206,,8.4397679,257,0.0014179,302,6.89E-04,259,,14.5654393,313,0.0025201,373,0.001154,316,,21.3613861,378,0.0027623,447,0.0018565,382,,29.8884002,439,0.0040431,520,0.0018829,443,,38.9753054,496,0.0048967,582,0.003231,498,,44.826838,561,0.0066319,649,0.002918,561,,54.030812,611,0.0085377,711,0.0034486,616,,59.3047615,687,0.0110431,803,0.0048871,688,,74.7961178,728,0.013297,857,0.0048247,733
37,2.8993978,151,6.19E-04,178,3.02E-04,153,,5.2101624,204,8.83E-04,239,4.52E-04,206,,8.8250248,256,0.0017457,302,7.32E-04,259,,17.929725,311,0.0021902,373,0.0011327,316,,23.7408695,379,0.0029007,447,0.0014295,382,,28.0525578,439,0.0038532,520,0.0022764,443,,35.2623618,496,0.0078645,582,0.0023532,498,,42.3407083,560,0.0071988,649,0.0029608,561,,53.1288879,612,0.0086687,711,0.0036202,616,,56.7978778,687,0.0113948,803,0.0040657,688,,74.7543974,727,0.0124622,857,0.0048445,733
38,3.2542067,151,5.99E-04,178,3.68E-04,153,,5.6408536,204,8.37E-04,239,4.56E-04,206,,9.0473242,257,0.0014608,302,7.02E-04,259,,14.0016371,312,0.0021274,373,9.66E-04,316,,18.6200643,379,0.0039064,447,0.0014284,382,,26.5639591,439,0.0040791,520,0.0019574,443,,34.5283595,496,0.0056077,582,0.0022384,498,,41.2017122,560,0.0074321,649,0.0030582,561,,51.4756289,612,0.0085878,711,0.0036029,616,,64.046869,687,0.0115069,803,0.004255,688,,78.5835349,727,0.013167,857,0.004911,733
39,2.965496,150,6.84E-04,178,3.88E-04,153,,5.7111141,204,8.61E-04,239,4.83E-04,206,,8.8424694,257,0.0013732,302,6.92E-04,259,,16.7411294,311,0.0023115,373,0.0011241,316,,21.7739736,379,0.0034274,447,0.0013797,382,,29.0149535,439,0.0040972,520,0.0019429,443,,36.8427826,496,0.0051975,582,0.0034149,498,,47.6307513,561,0.0076598,649,0.0028718,561,,51.0759623,611,0.008838,711,0.0037975,616,,57.9443808,687,0.0109496,803,0.0043,688,,75.6666767,727,0.0130329,857,0.004879,733
40,2.8957207,151,5.41E-04,178,3.23E-04,153,,5.3166372,204,8.49E-04,239,4.70E-04,206,,8.9330432,257,0.0014515,302,7.12E-04,259,,15.8552946,312,0.0022212,373,0.0014357,316,,20.5257437,379,0.0041073,447,0.0014462,382,,33.20994,439,0.0053767,520,0.001791,443,,36.3008334,496,0.0065426,582,0.0053921,498,,41.1755671,561,0.0065005,649,0.0028422,561,,51.7144558,611,0.0085333,711,0.0035472,616,,58.0555793,686,0.01114,803,0.0041549,688,,69.4547883,727,0.0121933,857,0.0047926,733
41,3.1349709,152,5.48E-04,178,3.35E-04,153,,5.7219348,204,8.45E-04,239,4.99E-04,206,,8.6497771,257,0.0013547,302,7.23E-04,259,,15.252452,314,0.0028088,373,0.0010577,316,,19.7989102,379,0.0027388,447,0.0014126,382,,28.6666482,439,0.0047763,520,0.0017196,443,,32.5839269,496,0.0072703,582,0.002375,498,,40.8070349,560,0.0070881,649,0.0029576,561,,57.716381,610,0.008581,711,0.0034691,616,,65.7127982,686,0.010873,803,0.0043058,688,,69.1012633,728,0.0122285,857,0.0046218,733
42,2.7982985,152,6.09E-04,178,3.35E-04,153,,5.7203478,204,8.94E-04,239,4.57E-04,206,,8.8608765,257,0.0014011,302,7.18E-04,259,,14.4715908,311,0.0023673,373,0.0012579,316,,20.0396381,379,0.0029476,447,0.0015009,382,,29.6514081,439,0.0040156,520,0.0023281,443,,34.0208753,496,0.0052188,582,0.0023275,498,,42.2771696,561,0.0071101,649,0.002942,561,,55.566415,611,0.0085498,711,0.0035054,616,,63.3643499,687,0.0105361,803,0.0043482,688,,74.7395281,727,0.0128822,857,0.0047215,733
43,2.9935337,151,5.80E-04,178,2.84E-04,153,,5.2269212,204,8.58E-04,239,4.62E-04,206,,8.5018791,257,0.0014032,302,7.02E-04,259,,15.7839859,312,0.0022644,373,9.94E-04,316,,24.1887951,379,0.0029251,447,0.0014006,382,,27.6755731,439,0.0044598,520,0.0017738,443,,32.054187,497,0.005448,582,0.0026795,498,,41.1187506,561,0.0069288,649,0.0029471,561,,54.5636965,611,0.0090301,711,0.0033687,616,,60.2678132,686,0.0102709,803,0.0041518,688,,73.6219233,727,0.0129085,857,0.004784,733
44,2.9098628,151,5.25E-04,178,2.85E-04,153,,5.4826326,204,9.04E-04,239,5.60E-04,206,,8.894448,257,0.0014847,302,7.76E-04,259,,16.277385,313,0.0024944,373,0.0010118,316,,21.7867038,380,0.0033544,447,0.002037,382,,26.9604726,439,0.0039562,520,0.0018141,443,,36.511767,496,0.0052286,582,0.0032028,498,,41.1419708,561,0.0072645,649,0.0031687,561,,52.3696583,611,0.008482,711,0.0039624,616,,57.9745926,687,0.0108016,803,0.0044319,688,,84.8307805,727,0.0127185,857,0.0052962,733
45,3.0267428,151,6.57E-04,178,3.25E-04,153,,5.5380021,204,9.08E-04,239,4.52E-04,206,,8.9066708,257,0.0014519,302,6.94E-04,259,,15.1781121,314,0.0023726,373,0.0011367,316,,19.9991756,379,0.0028346,447,0.0015442,382,,27.1345364,439,0.0042129,520,0.0017703,443,,34.4682638,496,0.0055366,582,0.0022835,498,,42.7340282,560,0.0073622,649,0.0033715,561,,50.8089334,610,0.0093512,711,0.0039021,616,,60.2221006,686,0.0106286,803,0.0051087,688,,76.0921746,727,0.0126347,857,0.0051142,733
46,3.2425056,152,5.87E-04,178,2.92E-04,153,,5.3218682,204,9.17E-04,239,4.72E-04,206,,9.4542106,256,0.0013855,302,6.97E-04,259,,15.3361757,310,0.0022207,373,0.0010394,316,,19.7263658,379,0.0029838,447,0.0013739,382,,30.2303851,439,0.0039563,520,0.0018524,443,,36.6379863,496,0.0060406,582,0.0023183,498,,41.1060419,561,0.0076385,649,0.003717,561,,60.9247516,610,0.0082786,711,0.0034945,616,,57.4096433,687,0.010555,803,0.0050252,688,,75.3749814,727,0.0129746,857,0.0049706,733
47,3.4222134,151,5.90E-04,178,3.50E-04,153,,5.4590776,204,9.06E-04,239,4.96E-04,206,,8.8769151,257,0.0013633,302,7.24E-04,259,,14.7130851,312,0.0022127,373,0.0010088,316,,21.7380575,379,0.0028386,447,0.0013958,382,,30.432836,439,0.00433,520,0.0019439,443,,31.5905391,496,0.0050602,582,0.0023827,498,,41.689945,560,0.007127,649,0.0034262,561,,51.8948355,610,0.0087424,711,0.0033377,616,,59.4020306,687,0.0104752,803,0.0042845,688,,70.7434227,727,0.0124706,857,0.004827,733
48,2.884305,151,5.19E-04,178,2.79E-04,153,,5.6008758,204,8.80E-04,239,4.51E-04,206,,9.0422575,257,0.001393,302,7.19E-04,259,,14.57228,314,0.0020542,373,0.0010017,316,,19.5178263,379,0.0038973,447,0.0018427,382,,27.2633191,439,0.0038121,520,0.001836,443,,31.3446878,496,0.0057646,582,0.0023456,498,,42.3415507,561,0.0076782,649,0.0027698,561,,53.9872722,613,0.0093351,711,0.003436,616,,61.0997717,687,0.0104808,803,0.0042128,688,,76.0901069,727,0.0127563,857,0.0047861,733
49,3.1673353,152,5.58E-04,178,2.71E-04,153,,5.7492203,204,8.82E-04,239,4.50E-04,206,,9.0783739,257,0.0013622,302,6.88E-04,259,,14.1330996,314,0.0021543,373,0.001121,316,,23.1600153,378,0.0027679,447,0.0014312,382,,27.5784181,439,0.0045158,520,0.0019324,443,,33.1575588,497,0.0057038,582,0.0023051,498,,42.8743021,561,0.0077085,649,0.0028766,561,,49.7904162,612,0.0091328,711,0.0035385,616,,58.4024933,687,0.0114785,803,0.004091,688,,75.0554829,728,0.0118632,857,0.0048566,733
50,2.8656245,151,6.30E-04,178,3.07E-04,153,,5.0400094,204,8.67E-04,239,4.35E-04,206,,8.9550906,257,0.0013583,302,6.90E-04,259,,13.7441601,313,0.002081,373,0.0010143,316,,19.0967204,379,0.0028215,447,0.0014932,382,,27.7095468,439,0.0047722,520,0.0024536,443,,33.3752678,496,0.005031,582,0.0023025,498,,42.4574909,561,0.0068172,649,0.0028817,561,,54.1684407,613,0.0091719,711,0.0034382,616,,58.4084794,687,0.0106333,803,0.0040927,688,,76.8610853,727,0.0120971,857,0.0048658,733
51,3.0473718,151,5.79E-04,178,4.52E-04,153,,5.1760181,204,9.17E-04,239,4.53E-04,206,,8.5955863,257,0.001454,302,7.15E-04,259,,15.2642321,312,0.0021451,373,0.0010133,316,,20.9721588,378,0.0032717,447,0.0015471,382,,26.7515651,438,0.0041191,520,0.0017152,443,,32.7838929,496,0.0051372,582,0.0029291,498,,42.370533,560,0.0068079,649,0.0038516,561,,60.445707,611,0.0082655,711,0.0034462,616,,57.4695967,687,0.0113742,803,0.0041656,688,,71.7594365,727,0.0122164,857,0.0049267,733
52,3.3282806,151,5.15E-04,178,2.80E-04,153,,5.10672,204,0.0014416,239,4.98E-04,206,,8.8110108,256,0.0013867,302,7.05E-04,259,,18.3083159,311,0.002257,373,0.0010091,316,,21.2957796,380,0.0027234,447,0.0014373,382,,30.1534933,439,0.0052203,520,0.0017789,443,,34.2854359,496,0.0058712,582,0.0025601,498,,41.657344,560,0.0074621,649,0.003152,561,,57.2690222,611,0.0100647,711,0.0036709,616,,60.7635329,687,0.0109432,803,0.0042191,688,,71.8743142,728,0.0128314,857,0.0047994,733
53,2.97049,152,5.40E-04,178,2.97E-04,153,,5.4786667,204,8.59E-04,239,4.50E-04,206,,8.8007778,257,0.0013943,302,7.48E-04,259,,15.6806499,312,0.0026977,373,0.0011444,316,,20.2853075,379,0.003941,447,0.0016535,382,,26.5880905,439,0.0051428,520,0.0018524,443,,36.0481683,496,0.0058038,582,0.0027734,498,,42.1752165,560,0.0077551,649,0.0028797,561,,57.6392305,611,0.0095837,711,0.0036345,616,,58.925042,686,0.0109926,803,0.0046697,688,,76.9439688,727,0.0116388,857,0.0046624,733
54,3.2216173,151,6.58E-04,178,2.64E-04,153,,5.6606771,204,8.90E-04,239,4.55E-04,206,,8.5204376,257,0.0013461,302,7.20E-04,259,,14.7607266,313,0.002272,373,9.60E-04,316,,18.5168818,380,0.0028527,447,0.001387,382,,27.0481633,438,0.0043113,520,0.0019849,443,,36.2434435,496,0.0052847,582,0.0027609,498,,41.0168914,560,0.007272,649,0.0028733,561,,56.4190289,611,0.008463,711,0.0034739,616,,57.743574,687,0.0102969,803,0.0042406,688,,77.3445825,727,0.0115828,857,0.0048473,733
55,3.3114578,151,6.20E-04,178,2.70E-04,153,,5.1598153,204,8.91E-04,239,4.85E-04,206,,9.1382469,257,0.0013884,302,7.01E-04,259,,15.0695895,311,0.002582,373,9.90E-04,316,,24.1415612,379,0.0027314,447,0.0014729,382,,27.3419549,439,0.0046117,520,0.0018533,443,,34.3843454,496,0.0062181,582,0.0036317,498,,45.2467558,561,0.007124,649,0.003069,561,,50.3788014,612,0.0082193,711,0.0035864,616,,57.7198586,687,0.0108149,803,0.0042317,688,,77.8723303,727,0.0117972,857,0.0046207,733
56,2.9853667,151,0.0010293,178,5.61E-04,153,,5.449565,204,8.60E-04,239,4.54E-04,206,,8.9276991,257,0.0014901,302,7.18E-04,259,,15.6934667,314,0.0024609,373,0.001013,316,,21.3842579,378,0.002864,447,0.0014202,382,,27.7145546,439,0.0041238,520,0.0017166,443,,37.3938412,496,0.0051856,582,0.0024417,498,,40.4937395,560,0.007006,649,0.0038884,561,,51.407782,610,0.011959,711,0.0047308,616,,57.8366618,687,0.0113184,803,0.0042962,688,,75.6766668,727,0.0116866,857,0.0048797,733
57,3.1645567,152,5.43E-04,178,3.03E-04,153,,5.7419646,204,8.64E-04,239,4.52E-04,206,,8.9362535,257,0.0013978,302,7.19E-04,259,,15.6916806,311,0.0022638,373,9.88E-04,316,,19.474332,379,0.0029114,447,0.0014394,382,,26.7769469,439,0.0049953,520,0.0021269,443,,35.3027712,497,0.0058579,582,0.0025962,498,,41.2734858,560,0.0072246,649,0.0031801,561,,52.8884852,611,0.0084596,711,0.0034087,616,,57.6988247,686,0.0102559,803,0.0041183,688,,74.5659191,726,0.0119036,857,0.0052473,733
58,3.1154709,152,5.72E-04,178,3.17E-04,153,,5.314908,204,8.33E-04,239,4.54E-04,206,,9.3483035,257,0.0014549,302,6.83E-04,259,,15.6991343,312,0.0022835,373,0.0010316,316,,21.5313604,379,0.002698,447,0.001617,382,,28.4627052,439,0.0048455,520,0.0021197,443,,36.0279692,497,0.005613,582,0.0028286,498,,41.021625,561,0.0074054,649,0.0030068,561,,52.2838002,612,0.0085266,711,0.0035039,616,,58.1087471,687,0.0115102,803,0.0043539,688,,78.1692681,727,0.0121436,857,0.0054976,733
59,2.983705,151,5.71E-04,178,3.00E-04,153,,5.9455097,204,8.45E-04,239,4.42E-04,206,,8.8567576,256,0.0014892,302,7.17E-04,259,,17.4938264,313,0.0021262,373,0.0010807,316,,19.8248772,379,0.0031207,447,0.0014215,382,,29.7547466,439,0.0053016,520,0.0022438,443,,36.2841905,496,0.0054727,582,0.0023305,498,,41.263028,560,0.0067486,649,0.0029698,561,,54.8056142,611,0.0083023,711,0.0033694,616,,57.377651,687,0.0116769,803,0.004836,688,,78.7131247,727,0.0114073,857,0.0050611,733
60,2.780801,151,5.88E-04,178,2.56E-04,153,,5.5076624,204,8.41E-04,239,4.56E-04,206,,8.7577148,257,0.0016245,302,7.10E-04,259,,14.4907685,314,0.0020189,373,9.89E-04,316,,19.7583966,379,0.0027937,447,0.0014096,382,,25.8248256,438,0.0048946,520,0.0017632,443,,38.0002557,496,0.005441,582,0.0024791,498,,42.3231701,561,0.0071425,649,0.0029203,561,,51.5842139,612,0.0082206,711,0.0033529,616,,58.1286374,686,0.010365,803,0.0038158,688,,70.2916451,728,0.0121532,857,0.0047762,733
61,2.8872578,151,5.39E-04,178,3.20E-04,153,,5.1476316,204,8.75E-04,239,4.52E-04,206,,8.6805168,257,0.0013853,302,6.88E-04,259,,15.3684731,313,0.0021517,373,9.76E-04,316,,22.5904125,379,0.0030175,447,0.0022109,382,,27.1136489,439,0.0042403,520,0.0018438,443,,33.9041577,496,0.0050564,582,0.0024004,498,,40.4839045,561,0.0076838,649,0.0031369,561,,50.5752107,610,0.0082928,711,0.0034613,616,,59.400223,686,0.0107308,803,0.0044658,688,,75.5224204,727,0.0129075,857,0.0050017,733
62,3.050998,152,6.52E-04,178,2.58E-04,153,,5.1039876,204,8.44E-04,239,4.51E-04,206,,8.8921124,257,0.0013935,302,6.89E-04,259,,14.4625809,313,0.0020679,373,0.0010031,316,,20.4058097,379,0.0028476,447,0.0016336,382,,25.87264,439,0.0044486,520,0.0018328,443,,35.9952018,496,0.0060785,582,0.002426,498,,40.974683,561,0.0068567,649,0.0035574,561,,51.8157587,611,0.0084394,711,0.0034353,616,,59.8872977,687,0.0110176,803,0.0041439,688,,73.9827225,727,0.0119323,857,0.0053954,733
63,2.745072,152,5.98E-04,178,2.80E-04,153,,5.3555301,204,8.73E-04,239,4.39E-04,206,,9.0611374,257,0.0013927,302,6.95E-04,259,,14.4354627,314,0.0019989,373,0.0010176,316,,21.1725575,380,0.0032117,447,0.0013273,382,,27.3267951,439,0.004654,520,0.0022822,443,,34.9770677,496,0.0057591,582,0.0022866,498,,41.0176339,561,0.0071689,649,0.0034072,561,,52.3769572,611,0.0087348,711,0.0035062,616,,58.8140167,687,0.0108347,803,0.0041917,688,,81.1186667,727,0.0126501,857,0.0048565,733
64,2.8157473,151,5.51E-04,178,2.56E-04,153,,5.74719,204,8.55E-04,239,4.50E-04,206,,10.2248991,257,0.0013472,302,6.84E-04,259,,13.4126069,314,0.0020747,373,0.0010194,316,,21.5007805,379,0.0029109,447,0.001436,382,,31.153401,439,0.0038308,520,0.0019815,443,,32.0968173,496,0.0060139,582,0.0023265,498,,46.7279532,561,0.0079756,649,0.0031326,561,,52.4660194,611,0.0082722,711,0.003699,616,,58.453921,687,0.0109036,803,0.0044493,688,,83.2012831,727,0.0127929,857,0.0047649,733
65,2.9353596,152,5.77E-04,178,2.86E-04,153,,5.4825652,205,8.50E-04,239,4.51E-04,206,,9.0219678,257,0.0014416,302,6.92E-04,259,,13.7408485,314,0.0019925,373,0.0010303,316,,23.5799598,378,0.0028533,447,0.0015278,382,,27.6026218,438,0.0040115,520,0.0018423,443,,33.6468229,496,0.0055253,582,0.0022811,498,,41.8848858,560,0.0069183,649,0.0030069,561,,48.6334107,612,0.0090622,711,0.0035938,616,,61.7038169,687,0.0104611,803,0.0043757,688,,74.0599551,727,0.0118505,857,0.0047059,733
66,2.9994363,151,5.97E-04,178,2.95E-04,153,,5.4615041,205,8.78E-04,239,4.48E-04,206,,9.4312638,257,0.0013694,302,6.86E-04,259,,14.3525857,313,0.0022125,373,0.0010052,316,,19.6079578,380,0.0027876,447,0.0015743,382,,27.8012112,438,0.0040676,520,0.0017341,443,,33.3762548,497,0.0049389,582,0.0023376,498,,41.4962042,561,0.007704,649,0.0028959,561,,51.9830586,611,0.0084521,711,0.0035109,616,,62.8232256,686,0.01104,803,0.0040494,688,,73.9606937,727,0.012343,857,0.0048419,733
67,3.0529015,152,5.11E-04,178,3.23E-04,153,,5.7990675,204,8.32E-04,239,4.38E-04,206,,8.4917576,257,0.0013676,302,7.92E-04,259,,14.6612509,312,0.0020431,373,0.0011278,316,,21.8424084,379,0.0029837,447,0.0013827,382,,26.6898865,439,0.0040067,520,0.0017746,443,,36.5076761,496,0.0048924,582,0.003178,498,,40.826384,561,0.0070513,649,0.0029787,561,,59.0766,611,0.0095406,711,0.003542,616,,62.4265565,686,0.0102627,803,0.0046435,688,,77.206393,727,0.0123462,857,0.0053518,733
68,2.8849464,152,5.31E-04,178,3.20E-04,153,,5.4369239,204,8.36E-04,239,4.91E-04,206,,9.9770936,257,0.0014096,302,8.15E-04,259,,14.9586432,312,0.0020426,373,9.96E-04,316,,19.3716041,379,0.0029798,447,0.0013905,382,,25.9993711,439,0.0040502,520,0.0018361,443,,33.1100018,496,0.0055161,582,0.0022861,498,,41.9703356,561,0.0065268,649,0.0027611,561,,53.1832925,611,0.0087198,711,0.00333,616,,63.8369754,687,0.0102903,803,0.0042017,688,,86.185545,727,0.0124662,857,0.0050591,733
69,2.9188405,151,8.91E-04,178,3.22E-04,153,,5.2546061,204,8.95E-04,239,4.49E-04,206,,8.7526851,257,0.0013887,302,7.88E-04,259,,15.4310046,312,0.0020281,373,0.0010629,316,,20.5059803,379,0.0034235,447,0.001899,382,,25.8686433,439,0.0039592,520,0.0019774,443,,33.2661725,496,0.005105,582,0.0029173,498,,42.0361909,561,0.0073024,649,0.0029474,561,,52.8537137,611,0.0081564,711,0.003298,616,,64.0236713,686,0.010597,803,0.0044531,688,,74.898211,727,0.0119033,857,0.0052929,733
70,2.7756535,152,5.75E-04,178,2.67E-04,153,,5.6125483,204,8.70E-04,239,4.36E-04,206,,8.5864787,257,0.0013581,302,6.91E-04,259,,15.4014451,313,0.0023517,373,0.0010144,316,,20.0671427,379,0.002815,447,0.0015294,382,,28.5168766,439,0.0040517,520,0.0019466,443,,34.0383751,496,0.0051068,582,0.0025685,498,,42.8468926,561,0.0067985,649,0.0031368,561,,49.3367647,612,0.0082164,711,0.003416,616,,59.9891976,686,0.0112045,803,0.0042218,688,,78.5599412,728,0.0133073,857,0.0053275,733
71,2.9784857,151,5.85E-04,178,3.30E-04,153,,6.0838501,204,8.51E-04,239,4.72E-04,206,,9.3115637,257,0.0014251,302,7.20E-04,259,,16.8413092,313,0.0020225,373,0.0013061,316,,22.2673055,379,0.0027368,447,0.0023301,382,,25.1725785,439,0.0040503,520,0.001834,443,,36.4351298,497,0.0055848,582,0.0023621,498,,43.6740089,560,0.0076571,649,0.002847,561,,52.2161543,610,0.009379,711,0.0032653,616,,57.5303902,687,0.0111994,803,0.0041365,688,,77.1527837,727,0.0126891,857,0.0047552,733
72,3.2720926,152,6.00E-04,178,2.92E-04,153,,6.3070696,204,8.87E-04,239,4.50E-04,206,,10.1022521,257,0.0013964,302,6.77E-04,259,,14.7639164,312,0.0021734,373,0.0012725,316,,19.3014442,380,0.0027986,447,0.0019034,382,,25.6059633,438,0.0040666,520,0.0025041,443,,35.3387685,496,0.0052922,582,0.0023951,498,,40.6804069,560,0.0067286,649,0.0029679,561,,48.9114596,612,0.0081245,711,0.0033571,616,,57.8520787,687,0.0104073,803,0.0042531,688,,79.1718687,727,0.0122989,857,0.0049503,733
73,2.8006314,151,5.45E-04,178,2.98E-04,153,,6.0831048,205,8.62E-04,239,4.81E-04,206,,8.6483187,257,0.001359,302,7.03E-04,259,,14.8777893,313,0.0019055,373,0.001076,316,,21.1068075,380,0.0028356,447,0.0015473,382,,26.1801874,439,0.0045932,520,0.0018101,443,,35.2498406,496,0.0061162,582,0.0024131,498,,40.1805845,561,0.0065618,649,0.002942,561,,49.7203228,612,0.0085496,711,0.0034166,616,,57.7859986,687,0.0103162,803,0.0042532,688,,80.5977022,727,0.0137989,857,0.0050223,733
74,3.0758203,151,5.34E-04,178,3.00E-04,153,,5.2974869,204,9.11E-04,239,4.77E-04,206,,9.5509113,257,0.0013618,302,6.86E-04,259,,14.3872538,314,0.0020003,373,0.0010064,316,,20.6706976,379,0.0027818,447,0.0014337,382,,26.0994582,439,0.0040247,520,0.0018233,443,,32.5571597,496,0.005526,582,0.0030165,498,,42.2502695,561,0.0074529,649,0.0031325,561,,57.2031732,611,0.0103964,711,0.0034031,616,,64.0207752,687,0.0106329,803,0.0042153,688,,81.4260938,727,0.0125327,857,0.0050106,733
75,3.1413423,151,6.64E-04,178,3.11E-04,153,,5.6589168,204,8.44E-04,239,4.50E-04,206,,9.11138,257,0.0013836,302,6.61E-04,259,,15.0587736,312,0.0020404,373,9.38E-04,316,,19.9430244,379,0.0028052,447,0.0014624,382,,26.6158897,439,0.0041447,520,0.0017763,443,,34.0594316,497,0.0062087,582,0.0024689,498,,41.383171,560,0.0068867,649,0.0029152,561,,58.3117623,611,0.0083173,711,0.0042171,616,,57.7170086,687,0.0104804,803,0.0041511,688,,89.0496185,727,0.0121135,857,0.0047808,733
76,3.2356729,151,5.27E-04,178,4.98E-04,153,,5.4582262,205,9.26E-04,239,4.54E-04,206,,8.5952818,257,0.0015123,302,7.08E-04,259,,16.4245402,312,0.0019799,373,0.0011106,316,,22.4135596,379,0.0027112,447,0.0013713,382,,26.0794865,438,0.0039829,520,0.0018953,443,,32.8482849,496,0.0050003,582,0.0023162,498,,44.8926268,561,0.0070855,649,0.0033061,561,,51.2099548,611,0.0092,711,0.0037772,616,,57.0065448,687,0.0109433,803,0.0043554,688,,76.5938462,726,0.0137716,857,0.0048591,733
77,2.8581172,151,6.20E-04,178,2.62E-04,153,,5.2492411,204,8.59E-04,239,4.48E-04,206,,8.7966412,257,0.0014249,302,6.91E-04,259,,14.9686837,312,0.0020398,373,9.78E-04,316,,21.6177166,378,0.0033291,447,0.0013462,382,,25.1829261,439,0.0038673,520,0.0018707,443,,35.0291449,496,0.0049848,582,0.0024504,498,,41.3818462,561,0.0066523,649,0.0042029,561,,50.2518712,611,0.0082257,711,0.0038132,616,,57.7842781,687,0.0107284,803,0.0042055,688,,75.8637968,728,0.0130328,857,0.0049428,733
78,3.0430735,152,6.04E-04,178,2.77E-04,153,,5.0620742,204,9.26E-04,239,4.51E-04,206,,9.4480839,257,0.0014281,302,7.22E-04,259,,16.111455,312,0.0019367,373,1.00E-03,316,,23.6073025,379,0.0030577,447,0.0019688,382,,26.2351882,439,0.0040375,520,0.001977,443,,38.0565476,496,0.0052996,582,0.0023181,498,,40.4670258,561,0.0077397,649,0.0028978,561,,56.3924642,611,0.0087205,711,0.0032889,616,,57.8964555,686,0.0113763,803,0.0043943,688,,80.7033629,728,0.012469,857,0.0047667,733
79,3.1626273,151,5.13E-04,178,2.82E-04,153,,6.4397843,204,9.39E-04,239,4.56E-04,206,,9.0087332,257,0.0013632,302,6.92E-04,259,,15.7429968,313,0.0020561,373,0.0010558,316,,21.4072604,379,0.0027383,447,0.0013921,382,,25.7499988,438,0.0042062,520,0.0017753,443,,33.6334467,496,0.0052239,582,0.002405,498,,41.6788121,561,0.0068244,649,0.0030011,561,,51.4229839,611,0.0088864,711,0.0038258,616,,56.8500579,687,0.0116841,803,0.0043176,688,,91.5571884,727,0.0150666,857,0.0056879,733
80,3.1783256,151,6.15E-04,178,2.75E-04,153,,5.303709,204,9.94E-04,239,4.53E-04,206,,8.8318655,257,0.0014172,302,7.02E-04,259,,16.8511992,311,0.0020676,373,0.0010289,316,,21.1261651,379,0.0026731,447,0.0014659,382,,26.1724848,438,0.0043419,520,0.001825,443,,32.6149013,497,0.0052433,582,0.002355,498,,41.0561781,560,0.0074932,649,0.0029394,561,,59.4445033,610,0.0087549,711,0.0033897,616,,59.162704,687,0.0103162,803,0.0042014,688,,80.9840351,727,0.0134246,857,0.0049996,733
81,2.9708185,151,6.47E-04,178,2.51E-04,153,,5.7735592,204,8.35E-04,239,4.49E-04,206,,8.9790105,257,0.0014509,302,6.92E-04,259,,14.4459652,313,0.0020124,373,9.65E-04,316,,20.9429944,378,0.0026807,447,0.0013851,382,,27.5068489,439,0.0039319,520,0.0019036,443,,36.226811,496,0.0053152,582,0.0024296,498,,44.3238361,561,0.0069195,649,0.0029101,561,,60.2364342,610,0.0097301,711,0.0036593,616,,59.4220147,686,0.010589,803,0.0044135,688,,86.3213471,727,0.0140168,857,0.0049302,733
82,3.1143771,150,6.12E-04,178,3.92E-04,153,,5.2485107,204,8.61E-04,239,4.73E-04,206,,9.0992042,257,0.0013975,302,7.10E-04,259,,15.8805008,312,0.0019847,373,9.96E-04,316,,20.4347124,379,0.0028161,447,0.0014276,382,,26.3540588,439,0.0041341,520,0.0018578,443,,34.1716045,496,0.0048665,582,0.0025072,498,,40.5940977,560,0.0066506,649,0.0028236,561,,53.7605015,613,0.0089304,711,0.0035863,616,,56.8068798,687,0.0107429,803,0.0042702,688,,75.0161544,728,0.0131709,857,0.0052019,733
83,2.8897965,150,6.41E-04,178,2.90E-04,153,,5.2221601,204,8.91E-04,239,4.53E-04,206,,9.3580675,257,0.0015279,302,6.95E-04,259,,15.4476614,311,0.0023069,373,0.0010562,316,,19.9132003,379,0.0029442,447,0.0013929,382,,25.4788193,439,0.0040039,520,0.0018505,443,,33.2081639,497,0.0064603,582,0.0025578,498,,43.3148593,560,0.0067303,649,0.0029475,561,,55.3446988,611,0.0082824,711,0.0034735,616,,61.156755,686,0.0100313,803,0.0048258,688,,86.7994531,727,0.0132145,857,0.0048568,733
84,2.8964827,151,6.43E-04,178,3.06E-04,153,,5.0997233,204,8.76E-04,239,4.89E-04,206,,9.2966313,257,0.0014108,302,7.12E-04,259,,16.9719257,312,0.00205,373,0.0013565,316,,22.7325814,379,0.0041635,447,0.0014387,382,,25.249633,439,0.0049686,520,0.0018712,443,,37.3550289,496,0.0052184,582,0.003367,498,,42.6844328,561,0.0064224,649,0.0029789,561,,57.6183844,611,0.0087461,711,0.0034622,616,,57.4053826,687,0.0108323,803,0.0042095,688,,74.5433887,727,0.0120674,857,0.0056009,733
85,3.0609029,151,7.16E-04,178,3.29E-04,153,,5.0930968,205,8.53E-04,239,4.68E-04,206,,9.9257224,256,0.0013838,302,6.97E-04,259,,15.1100562,313,0.0021282,373,0.0010768,316,,22.2156306,379,0.0026932,447,0.0014389,382,,25.1558177,439,0.0045344,520,0.0018355,443,,35.2152508,496,0.005585,582,0.0022017,498,,40.499722,561,0.0066344,649,0.002791,561,,49.7747002,611,0.0083472,711,0.0034949,616,,60.8934665,687,0.0105657,803,0.0042751,688,,87.812903,727,0.0130716,857,0.0047947,733
86,3.032195,150,5.27E-04,178,2.73E-04,153,,6.5683776,204,8.74E-04,239,4.52E-04,206,,10.4712858,257,0.0014034,302,7.31E-04,259,,22.5275176,311,0.0020744,373,0.0010317,316,,23.4267198,379,0.0028495,447,0.0014678,382,,27.6646923,439,0.0040284,520,0.0018164,443,,33.2902853,497,0.005006,582,0.0024438,498,,44.1255905,561,0.0070716,649,0.0029212,561,,49.4075615,613,0.0090174,711,0.0035651,616,,57.533373,686,0.0107992,803,0.0042263,688,,83.320791,728,0.0143833,857,0.004699,733
87,2.9779836,152,5.80E-04,178,2.83E-04,153,,5.4178896,204,8.66E-04,239,4.86E-04,206,,9.9714965,257,0.0021622,302,6.93E-04,259,,15.903488,314,0.0029057,373,0.0010483,316,,21.7575804,378,0.0030194,447,0.0022909,382,,25.1314209,438,0.0040984,520,0.0019342,443,,33.3558875,496,0.0054297,582,0.0023848,498,,42.6202537,561,0.0072344,649,0.0028387,561,,53.5988649,612,0.0082991,711,0.0033696,616,,58.5413069,686,0.0113851,803,0.0041702,688,,81.6719533,727,0.0119209,857,0.0053722,733
88,2.8425565,152,5.55E-04,178,2.77E-04,153,,5.0505162,204,8.68E-04,239,4.50E-04,206,,9.107422,257,0.0013314,302,7.09E-04,259,,14.3694063,312,0.0020372,373,9.76E-04,316,,19.1386011,380,0.0028133,447,0.0014024,382,,25.3802552,438,0.004694,520,0.0017617,443,,31.1931977,496,0.0052424,582,0.0022981,498,,40.9209689,561,0.0074331,649,0.0035069,561,,58.7747817,611,0.0093761,711,0.0038503,616,,58.0209458,687,0.0111027,803,0.0046884,688,,77.5981083,727,0.0125822,857,0.0049138,733
89,2.7390455,152,5.49E-04,178,3.16E-04,153,,5.2653816,204,8.63E-04,239,4.52E-04,206,,11.578279,257,0.0016107,302,7.73E-04,259,,17.082626,313,0.0020167,373,0.001045,316,,20.9704692,379,0.0030473,447,0.0014604,382,,28.6397011,438,0.0039847,520,0.0017186,443,,31.621056,497,0.0052421,582,0.0024308,498,,40.3909123,561,0.0066077,649,0.0030632,561,,53.0160187,610,0.008818,711,0.0033046,616,,57.5673365,687,0.0104697,803,0.0041527,688,,77.0694509,727,0.0120368,857,0.0047921,733
90,2.8018179,151,5.48E-04,178,2.76E-04,153,,5.1784758,204,8.89E-04,239,4.50E-04,206,,10.6173262,257,0.0015113,302,0.0013559,259,,14.4731962,314,0.0023722,373,9.57E-04,316,,19.9429768,378,0.0026992,447,0.0013892,382,,27.5807341,439,0.0039117,520,0.0018358,443,,31.4051369,496,0.0058841,582,0.0023691,498,,40.6793085,561,0.0085592,649,0.0034093,561,,54.1233287,610,0.0083849,711,0.0034293,616,,59.6614059,687,0.0106386,803,0.0041165,688,,78.1486498,728,0.0126605,857,0.0056361,733
91,2.7852517,152,6.68E-04,178,2.77E-04,153,,5.576629,204,8.73E-04,239,4.52E-04,206,,9.5786898,257,0.001375,302,8.15E-04,259,,15.4657005,313,0.0020191,373,0.0010598,316,,20.5984185,379,0.0029941,447,0.0014104,382,,28.0581794,439,0.0040089,520,0.0018743,443,,33.4771814,496,0.004987,582,0.0024115,498,,40.1974958,560,0.0069286,649,0.0027782,561,,51.7253384,610,0.0084263,711,0.00346,616,,59.1413433,686,0.0108786,803,0.0041612,688,,78.2751326,727,0.0124902,857,0.0049963,733
92,2.7590572,152,5.45E-04,178,2.73E-04,153,,6.3088953,204,8.66E-04,239,4.37E-04,206,,9.1958292,257,0.0013873,302,7.63E-04,259,,15.3787848,312,0.0020493,373,0.0010443,316,,21.2884414,379,0.0043351,447,0.001539,382,,25.2424973,438,0.0038162,520,0.0016804,443,,34.1718809,496,0.0059336,582,0.0023683,498,,42.3268704,561,0.0081238,649,0.0030537,561,,51.55677,611,0.008986,711,0.0036709,616,,57.6722473,687,0.010532,803,0.0043573,688,,76.783975,727,0.0118963,857,0.0050383,733
93,2.6109926,152,5.47E-04,178,2.75E-04,153,,5.0758179,204,8.86E-04,239,4.92E-04,206,,8.8331162,257,0.0014249,302,7.89E-04,259,,15.1143464,312,0.001991,373,0.0010566,316,,22.1534404,379,0.0033601,447,0.001436,382,,27.9594939,439,0.004128,520,0.0017928,443,,32.3835679,497,0.0050067,582,0.0023081,498,,41.3758945,560,0.007213,649,0.003627,561,,51.5276183,611,0.0084425,711,0.0035856,616,,60.7888396,686,0.0112939,803,0.0041979,688,,71.3861866,727,0.0124473,857,0.0049283,733
94,2.8872648,151,5.87E-04,178,2.71E-04,153,,5.3049648,204,9.87E-04,239,4.56E-04,206,,9.8909253,257,0.0016673,302,7.52E-04,259,,15.3027659,312,0.0022227,373,0.0010339,316,,21.5913144,379,0.0028906,447,0.0013866,382,,26.7076934,439,0.0038985,520,0.0019809,443,,31.5606429,497,0.0049774,582,0.0022133,498,,40.3967821,561,0.0070273,649,0.0033613,561,,51.0635166,612,0.0084428,711,0.0035023,616,,58.3592887,686,0.010685,803,0.004106,688,,84.7733384,727,0.0126919,857,0.0049881,733
95,3.1879424,151,6.57E-04,178,3.07E-04,153,,5.3501125,204,9.77E-04,239,5.13E-04,206,,9.3135556,257,0.0015461,302,6.67E-04,259,,14.9101302,314,0.0019714,373,9.86E-04,316,,19.8512216,379,0.0030552,447,0.0014347,382,,25.9135132,438,0.0040984,520,0.0019498,443,,31.5230526,496,0.0048705,582,0.0024952,498,,42.3374444,560,0.0082786,649,0.00293,561,,57.5189248,611,0.0087158,711,0.0037059,616,,57.7034925,687,0.01191,803,0.0048653,688,,72.8318952,728,0.0122672,857,0.0048365,733
96,2.8224202,151,5.91E-04,178,2.78E-04,153,,5.2568795,204,8.93E-04,239,4.95E-04,206,,10.1813116,257,0.0014048,302,7.25E-04,259,,13.816086,313,0.0020778,373,0.0015898,316,,22.4500851,379,0.0028281,447,0.0013852,382,,25.2828033,438,0.003842,520,0.001779,443,,34.5894392,496,0.0049243,582,0.0022692,498,,43.3359593,561,0.0075279,649,0.0032933,561,,56.1573284,611,0.008447,711,0.0033953,616,,58.8984337,686,0.0113243,803,0.0041601,688,,72.1902794,728,0.0124636,857,0.0051345,733
97,3.0498317,151,5.35E-04,178,2.75E-04,153,,5.0781477,204,8.53E-04,239,4.50E-04,206,,10.1538009,257,0.0014194,302,6.46E-04,259,,14.3647894,314,0.0021554,373,0.0010497,316,,20.6253744,379,0.0029131,447,0.0014415,382,,26.7221379,439,0.0039451,520,0.0020792,443,,31.9379494,497,0.0051306,582,0.0023148,498,,40.841532,561,0.0067237,649,0.0028463,561,,51.6439987,611,0.0088822,711,0.0038939,616,,58.8937121,686,0.0109375,803,0.0043995,688,,72.4585727,726,0.0126066,857,0.0049395,733
98,2.9084331,152,5.50E-04,178,2.73E-04,153,,5.586679,204,8.52E-04,239,4.37E-04,206,,9.6397772,257,0.0015521,302,6.75E-04,259,,14.4170511,314,0.0020518,373,0.0012011,316,,22.8019212,379,0.0036805,447,0.0015748,382,,25.9588771,439,0.0040866,520,0.0022852,443,,31.0166976,497,0.0053994,582,0.002252,498,,41.5043693,560,0.0074598,649,0.002965,561,,52.5153021,611,0.0082641,711,0.0035163,616,,65.9941103,687,0.012046,803,0.0044042,688,,73.8828585,727,0.0124222,857,0.0051614,733
99,2.9636564,152,5.50E-04,178,2.81E-04,153,,5.2462408,204,9.09E-04,239,4.68E-04,206,,10.2849162,257,0.0014311,302,7.34E-04,259,,17.2382794,313,0.0019718,373,0.0010002,316,,20.325437,379,0.002753,447,0.0015212,382,,28.7050955,439,0.0038749,520,0.0018457,443,,33.7255604,496,0.0049394,582,0.0022971,498,,42.5509824,561,0.008709,649,0.0030265,561,,51.2852104,610,0.008742,711,0.0037892,616,,58.0526637,687,0.0114374,803,0.0040765,688,,81.8720419,727,0.0132031,857,0.0054683,733
,,,,,,,,,,,,,,,,,,,,,,,,,,,,,,,,,,,,,,,,,,,,,,,,,,,,,,,,,,,,,,,,,,,,,,,,,,,,
Averages:,3.005405318,151.29,0.000671367,178,0.000305957,153,#DIV/0!,5.517831196,204.07,0.000901283,239,0.000461944,206,#DIV/0!,9.137794294,256.92,0.001440192,302,0.000718899,259,#DIV/0!,15.36421558,312.62,0.002197095,373,0.001052863,316,#DIV/0!,20.94898593,378.97,0.003004615,447,0.001523681,382,#DIV/0!,27.32290154,438.79,0.004268479,520,0.001898393,443,#DIV/0!,34.12537122,496.25,0.005511178,582,0.0025225,498,#DIV/0!,41.96245465,560.66,0.00715256,649,0.003077209,561,#DIV/0!,53.99393033,611.24,0.00884079,711,0.003597063,616,#DIV/0!,59.65209653,686.63,0.010925403,803,0.004318809,688,#DIV/0!,76.72880548,727.17,0.012627913,857,0.00496297,733
,,,,,,,,,,,,,,,,,,,,,,,,,,,,,,,,,,,,,,,,,,,,,,,,,,,,,,,,,,,,,,,,,,,,,,,,,,,,
,300,300,300,300,300,300,,420,420,420,420,420,420,,540,540,540,540,540,540,,660,660,660,660,660,660,,780,780,780,780,780,780,,900,900,900,900,900,900,,1020,1020,1020,1020,1020,1020,,1140,1140,1140,1140,1140,1140,,1260,1260,1260,1260,1260,1260,,1380,1380,1380,1380,1380,1380,,1500,1500,1500,1500,1500,1500
,VNS,VNS,ABFD,ABFD,FFCD,FFCD,,VNS,VNS,ABFD,ABFD,FFCD,FFCD,,VNS,VNS,ABFD,ABFD,FFCD,FFCD,,VNS,VNS,ABFD,ABFD,FFCD,FFCD,,VNS,VNS,ABFD,ABFD,FFCD,FFCD,,VNS,VNS,ABFD,ABFD,FFCD,FFCD,,VNS,VNS,ABFD,ABFD,FFCD,FFCD,,VNS,VNS,ABFD,ABFD,FFCD,FFCD,,VNS,VNS,ABFD,ABFD,FFCD,FFCD,,VNS,VNS,ABFD,ABFD,FFCD,FFCD,,VNS,VNS,ABFD,ABFD,FFCD,FFCD
,Time(s),Bin Count,Time(s),Bin Count,Time(s),Bin Count,,Time(s),Bin Count,Time(s),Bin Count,Time(s),Bin Count,,Time(s),Bin Count,Time(s),Bin Count,Time(s),Bin Count,,Time(s),Bin Count,Time(s),Bin Count,Time(s),Bin Count,,Time(s),Bin Count,Time(s),Bin Count,Time(s),Bin Count,,Time(s),Bin Count,Time(s),Bin Count,Time(s),Bin Count,,Time(s),Bin Count,Time(s),Bin Count,Time(s),Bin Count,,Time(s),Bin Count,Time(s),Bin Count,Time(s),Bin Count,,Time(s),Bin Count,Time(s),Bin Count,Time(s),Bin Count,,Time(s),Bin Count,Time(s),Bin Count,Time(s),Bin Count,,Time(s),Bin Count,Time(s),Bin Count,Time(s),Bin Count
,,,,,,,,,,,,,,,,,,,,,,,,,,,,,,,,,,,,,,,,,,,,,,,,,,,,,,,,,,,,,,,,,,,,,,,,,,,,
Bin Count:,,,,,,,,,,,,,,,,,,,,,,,,,,,,,,,,,,,,,,,,,,,,,,,,,,,,,,,,,,,,,,,,,,,,,,,,,,,,
VNS,151.29,204.07,256.92,312.62,378.97,438.79,496.25,560.66,611.24,686.63,727.17,,,,,,,,,,,,,,,,,,,,,,,,,,,,,,,,,,,,,,,,,,,,,,,,,,,,,,,,,,,,,,,,,
ABFD,178,239,302,373,447,520,582,649,711,803,857,,,,,,,,,,,,,,,,,,,,,,,,,,,,,,,,,,,,,,,,,,,,,,,,,,,,,,,,,,,,,,,,,
FFCD,153,206,259,316,382,443,498,561,616,688,733,,,,,,,,,,,,,,,,,,,,,,,,,,,,,,,,,,,,,,,,,,,,,,,,,,,,,,,,,,,,,,,,,
,300,420,540,660,780,900,1020,1140,1260,1380,1500,,,,,,,,,,,,,,,,,,,,,,,,,,,,,,,,,,,,,,,,,,,,,,,,,,,,,,,,,,,,,,,,,
,,,,,,,,,,,,,,,,,,,,,,,,,,,,,,,,,,,,,,,,,,,,,,,,,,,,,,,,,,,,,,,,,,,,,,,,,,,,
Run Time:,,,,,,,,,,,,,,,,,,,,,,,,,,,,,,,,,,,,,,,,,,,,,,,,,,,,,,,,,,,,,,,,,,,,,,,,,,,,
VNS,3.005405318,5.517831196,9.137794294,15.36421558,20.94898593,27.32290154,34.12537122,41.96245465,53.99393033,59.65209653,76.72880548,,,,,,,,,,,,,,,,,,,,,,,,,,,,,,,,,,,,,,,,,,,,,,,,,,,,,,,,,,,,,,,,,
ABFD,0.000671367,0.000901283,0.001440192,0.002197095,0.003004615,0.004268479,0.005511178,0.00715256,0.00884079,0.010925403,0.012627913,,,,,,,,,,,,,,,,,,,,,,,,,,,,,,,,,,,,,,,,,,,,,,,,,,,,,,,,,,,,,,,,,
FFCD,0.000305957,0.000461944,0.000718899,0.001052863,0.001523681,0.001898393,0.0025225,0.003077209,0.003597063,0.004318809,0.00496297,,,,,,,,,,,,,,,,,,,,,,,,,,,,,,,,,,,,,,,,,,,,,,,,,,,,,,,,,,,,,,,,,
,300,420,540,660,780,900,1020,1140,1260,1380,1500,,,,,,,,,,,,,,,,,,,,,,,,,,,,,,,,,,,,,,,,,,,,,,,,,,,,,,,,,,,,,,,,,
